<?xml version="1.0" encoding="UTF-8"?>
<project-private xmlns="http://www.netbeans.org/ns/project-private/1">
    <editor-bookmarks xmlns="http://www.netbeans.org/ns/editor-bookmarks/2" lastBookmarkId="0"/>
    <open-files xmlns="http://www.netbeans.org/ns/projectui-open-files/2">
        <group>
            <file>file:/C:/Users/Manue/Documents/NetBeansProjects/Ex02_teste01_POO1/src/ex02_teste01_poo1/Salgadinho.java</file>
            <file>file:/C:/Users/Manue/Documents/NetBeansProjects/Ex02_teste01_POO1/src/ex02_teste01_poo1/Validacao.java</file>
            <file>file:/C:/Users/Manue/Documents/NetBeansProjects/Ex02_teste01_POO1/src/ex02_teste01_poo1/Pizza.java</file>
            <file>file:/C:/Users/Manue/Documents/NetBeansProjects/Ex02_teste01_POO1/src/ex02_teste01_poo1/Ex02_teste01_POO1.java</file>
            <file>file:/C:/Users/Manue/Documents/NetBeansProjects/Ex02_teste01_POO1/src/ex02_teste01_poo1/Menu.java</file>
            <file>file:/C:/Users/Manue/Documents/NetBeansProjects/Ex02_teste01_POO1/src/ex02_teste01_poo1/Pedido.java</file>
            <file>file:/C:/Users/Manue/Documents/NetBeansProjects/Ex02_teste01_POO1/src/ex02_teste01_poo1/Lanche.java</file>
        </group>
    </open-files>
</project-private>
